模型,训练集MSE,训练集MAE,训练集R2,测试集MSE,测试集MAE,测试集R2
OLS,3579.355653087323,49.96346830666054,0.8841335635175785,17705.08899008365,112.03110372747264,0.6544988814400341
Ridge(lambda=13.848864),5726.548493771135,65.15042528405306,0.8146273151859793,19558.583076265808,120.84910166819755,0.6183293778369239
