训练集比例,KNN准确率,ID3准确率
0.1,0.85,0.8266666666666667
0.3,0.8466666666666667,0.8333333333333334
0.5,0.8766666666666667,0.8466666666666667
0.7,0.89,0.8333333333333334
