Linkage,轮廓系数,CH指数,Dunn指数
ward,0.7856568964504962,2011.7406907828563,0.6568449829098567
average,0.7856568964504962,2011.7406907828558,0.6568449829098567
complete,0.7856568964504962,2011.7406907828558,0.6568449829098567
single,0.7856568964504962,2011.7406907828558,0.6568449829098567
