cluster_label,user_type,sample_count,reg_days,browse_duration,order_count,avg_order_value
0,Newly Registered Observers,96,14.733441747026765,24.744373162757352,2.1836440142098628,50.062093132995784
1,Potential Active Users,92,12.424809510839351,15.183326017571323,8.1409245518119,199.9579319408839
2,High-Value Buyers,92,24.94893304542168,3.2491856861290294,0.4680038186270692,0.5290270111709747
3,Churn-Risk Users,96,5.088297608857046,5.046480357355786,0.6501033751105626,0.6326272730327488
